index,R,G,B,HEX
0,1,25,89,#011959
1,2,27,89,#021B59
2,3,28,90,#031C5A
3,4,30,90,#041E5A
4,5,31,90,#051F5A
5,6,33,91,#06215B
6,7,34,91,#07225B
7,7,36,91,#07245B
8,8,37,91,#08255B
9,9,39,92,#09275C
10,10,40,92,#0A285C
11,10,42,92,#0A2A5C
12,11,43,92,#0B2B5C
13,11,45,93,#0B2D5D
14,12,46,93,#0C2E5D
15,12,47,93,#0C2F5D
16,13,49,93,#0D315D
17,13,50,94,#0D325E
18,13,51,94,#0D335E
19,14,53,94,#0E355E
20,14,54,94,#0E365E
21,14,55,94,#0E375E
22,15,56,95,#0F385F
23,15,57,95,#0F395F
24,15,59,95,#0F3B5F
25,15,60,95,#0F3C5F
26,16,61,95,#103D5F
27,16,62,95,#103E5F
28,16,63,96,#103F60
29,16,64,96,#104060
30,17,65,96,#114160
31,17,66,96,#114260
32,17,67,96,#114360
33,17,68,96,#114460
34,18,69,97,#124561
35,18,70,97,#124661
36,18,71,97,#124761
37,18,72,97,#124861
38,19,73,97,#134961
39,19,74,97,#134A61
40,19,75,97,#134B61
41,20,76,98,#144C62
42,20,77,98,#144D62
43,20,78,98,#144E62
44,21,79,98,#154F62
45,21,79,98,#154F62
46,22,80,98,#165062
47,22,81,98,#165162
48,23,82,98,#175262
49,23,83,98,#175362
50,24,84,98,#185462
51,24,85,98,#185562
52,25,86,98,#195662
53,25,87,98,#195762
54,26,87,98,#1A5762
55,27,88,98,#1B5862
56,27,89,98,#1B5962
57,28,90,98,#1C5A62
58,29,91,98,#1D5B62
59,30,92,98,#1E5C62
60,30,93,98,#1E5D62
61,31,93,97,#1F5D61
62,32,94,97,#205E61
63,33,95,97,#215F61
64,34,96,97,#226061
65,35,96,96,#236060
66,36,97,96,#246160
67,37,98,96,#256260
68,38,99,95,#26635F
69,39,99,95,#27635F
70,40,100,95,#28645F
71,42,101,94,#2A655E
72,43,101,94,#2B655E
73,44,102,93,#2C665D
74,45,103,93,#2D675D
75,47,103,92,#2F675C
76,48,104,92,#30685C
77,49,105,91,#31695B
78,51,105,90,#33695A
79,52,106,90,#346A5A
80,53,106,89,#356A59
81,55,107,88,#376B58
82,56,108,88,#386C58
83,58,108,87,#3A6C57
84,59,109,86,#3B6D56
85,60,109,86,#3C6D56
86,62,110,85,#3E6E55
87,63,110,84,#3F6E54
88,65,111,83,#416F53
89,66,111,82,#426F52
90,68,112,82,#447052
91,69,112,81,#457051
92,71,113,80,#477150
93,72,113,79,#48714F
94,74,114,78,#4A724E
95,76,114,77,#4C724D
96,77,115,77,#4D734D
97,79,115,76,#4F734C
98,80,116,75,#50744B
99,82,116,74,#52744A
100,83,117,73,#537549
101,85,117,72,#557548
102,87,118,71,#577647
103,88,118,70,#587646
104,90,119,69,#5A7745
105,91,119,69,#5B7745
106,93,120,68,#5D7844
107,95,120,67,#5F7843
108,96,121,66,#607942
109,98,121,65,#627941
110,99,122,64,#637A40
111,101,122,63,#657A3F
112,103,123,62,#677B3E
113,104,123,62,#687B3E
114,106,123,61,#6A7B3D
115,108,124,60,#6C7C3C
116,109,124,59,#6D7C3B
117,111,125,58,#6F7D3A
118,113,125,57,#717D39
119,115,126,56,#737E38
120,116,126,56,#747E38
121,118,127,55,#767F37
122,120,127,54,#787F36
123,121,128,53,#798035
124,123,128,52,#7B8034
125,125,129,52,#7D8134
126,127,129,51,#7F8133
127,129,130,50,#818232
128,130,130,49,#828231
129,132,131,49,#848331
130,134,131,48,#868330
131,136,132,47,#88842F
132,138,132,47,#8A842F
133,140,133,46,#8C852E
134,142,133,46,#8E852E
135,143,134,45,#8F862D
136,145,134,45,#91862D
137,147,135,44,#93872C
138,149,135,44,#95872C
139,151,136,44,#97882C
140,153,136,44,#99882C
141,155,137,43,#9B892B
142,157,137,43,#9D892B
143,159,137,43,#9F892B
144,161,138,43,#A18A2B
145,163,138,44,#A38A2C
146,165,139,44,#A58B2C
147,167,139,44,#A78B2C
148,169,140,44,#A98C2C
149,171,140,45,#AB8C2D
150,173,140,45,#AD8C2D
151,175,141,46,#AF8D2E
152,177,141,47,#B18D2F
153,179,142,47,#B38E2F
154,181,142,48,#B58E30
155,183,142,49,#B78E31
156,185,143,50,#B98F32
157,187,143,51,#BB8F33
158,189,143,52,#BD8F34
159,190,144,53,#BE9035
160,192,144,54,#C09036
161,194,144,55,#C29037
162,196,145,56,#C49138
163,198,145,58,#C6913A
164,200,145,59,#C8913B
165,202,146,60,#CA923C
166,203,146,62,#CB923E
167,205,146,63,#CD923F
168,207,147,64,#CF9340
169,209,147,66,#D19342
170,210,147,67,#D29343
171,212,148,69,#D49445
172,214,148,70,#D69446
173,216,148,72,#D89448
174,217,149,74,#D9954A
175,219,149,75,#DB954B
176,221,149,77,#DD954D
177,222,150,79,#DE964F
178,224,150,81,#E09651
179,225,151,82,#E19752
180,227,151,84,#E39754
181,228,151,86,#E49756
182,230,152,88,#E69858
183,231,152,90,#E7985A
184,233,153,92,#E9995C
185,234,153,94,#EA995E
186,235,154,96,#EB9A60
187,237,154,98,#ED9A62
188,238,155,100,#EE9B64
189,239,155,103,#EF9B67
190,240,156,105,#F09C69
191,241,157,107,#F19D6B
192,242,157,109,#F29D6D
193,243,158,112,#F39E70
194,244,159,114,#F49F72
195,245,159,116,#F59F74
196,246,160,119,#F6A077
197,247,161,121,#F7A179
198,248,161,123,#F8A17B
199,248,162,126,#F8A27E
200,249,163,128,#F9A380
201,249,163,130,#F9A382
202,250,164,133,#FAA485
203,250,165,135,#FAA587
204,251,166,137,#FBA689
205,251,166,140,#FBA68C
206,252,167,142,#FCA78E
207,252,168,144,#FCA890
208,252,169,147,#FCA993
209,252,169,149,#FCA995
210,253,170,151,#FDAA97
211,253,171,154,#FDAB9A
212,253,172,156,#FDAC9C
213,253,172,158,#FDAC9E
214,253,173,160,#FDADA0
215,253,174,162,#FDAEA2
216,253,175,165,#FDAFA5
217,253,175,167,#FDAFA7
218,253,176,169,#FDB0A9
219,253,177,171,#FDB1AB
220,253,178,173,#FDB2AD
221,253,178,175,#FDB2AF
222,253,179,177,#FDB3B1
223,253,180,180,#FDB4B4
224,253,180,182,#FDB4B6
225,253,181,184,#FDB5B8
226,253,182,186,#FDB6BA
227,253,183,188,#FDB7BC
228,253,183,190,#FDB7BE
229,253,184,192,#FDB8C0
230,253,185,194,#FDB9C2
231,253,186,196,#FDBAC4
232,253,186,199,#FDBAC7
233,253,187,201,#FDBBC9
234,253,188,203,#FDBCCB
235,253,188,205,#FDBCCD
236,252,189,207,#FCBDCF
237,252,190,209,#FCBED1
238,252,191,211,#FCBFD3
239,252,191,214,#FCBFD6
240,252,192,216,#FCC0D8
241,252,193,218,#FCC1DA
242,252,194,220,#FCC2DC
243,252,195,223,#FCC3DF
244,252,195,225,#FCC3E1
245,252,196,227,#FCC4E3
246,252,197,229,#FCC5E5
247,251,198,232,#FBC6E8
248,251,198,234,#FBC6EA
249,251,199,236,#FBC7EC
250,251,200,239,#FBC8EF
251,251,201,241,#FBC9F1
252,251,202,243,#FBCAF3
253,251,202,246,#FBCAF6
254,250,203,248,#FACBF8
255,250,204,250,#FACCFA
