index,R,G,B,HEX
0,3,19,39,#031327
1,4,21,41,#041529
2,4,22,43,#04162B
3,4,23,44,#04172C
4,4,24,46,#04182E
5,4,25,48,#041930
6,5,26,50,#051A32
7,5,27,52,#051B34
8,5,28,54,#051C36
9,5,29,56,#051D38
10,5,30,58,#051E3A
11,5,32,60,#05203C
12,5,33,62,#05213E
13,5,34,64,#052240
14,5,35,66,#052342
15,5,36,68,#052444
16,5,37,70,#052546
17,5,38,72,#052648
18,6,40,74,#06284A
19,6,41,76,#06294C
20,6,42,78,#062A4E
21,6,43,80,#062B50
22,6,44,82,#062C52
23,6,46,84,#062E54
24,6,47,86,#062F56
25,6,48,88,#063058
26,6,49,90,#06315A
27,7,50,92,#07325C
28,7,52,94,#07345E
29,7,53,96,#073560
30,7,54,98,#073662
31,7,55,100,#073764
32,7,57,102,#073966
33,8,58,104,#083A68
34,8,59,106,#083B6A
35,8,60,107,#083C6B
36,8,62,109,#083E6D
37,9,63,111,#093F6F
38,9,64,113,#094071
39,10,65,115,#0A4173
40,10,67,116,#0A4374
41,11,68,118,#0B4476
42,11,69,120,#0B4578
43,11,70,121,#0B4679
44,12,72,123,#0C487B
45,13,73,125,#0D497D
46,13,74,126,#0D4A7E
47,14,76,128,#0E4C80
48,14,77,129,#0E4D81
49,15,78,130,#0F4E82
50,16,79,132,#104F84
51,16,81,133,#105185
52,17,82,134,#115286
53,18,83,135,#125387
54,19,84,136,#135488
55,19,86,137,#135689
56,20,87,138,#14578A
57,21,88,139,#15588B
58,22,89,140,#16598C
59,23,90,141,#175A8D
60,23,92,141,#175C8D
61,24,93,142,#185D8E
62,25,94,142,#195E8E
63,26,95,143,#1A5F8F
64,27,96,143,#1B608F
65,27,97,144,#1B6190
66,28,98,144,#1C6290
67,29,99,144,#1D6390
68,30,100,145,#1E6491
69,30,101,145,#1E6591
70,31,102,145,#1F6691
71,32,103,145,#206791
72,32,104,145,#206891
73,33,105,145,#216991
74,34,106,145,#226A91
75,34,107,145,#226B91
76,35,108,145,#236C91
77,36,108,145,#246C91
78,36,109,145,#246D91
79,37,110,144,#256E90
80,38,111,144,#266F90
81,38,111,144,#266F90
82,39,112,144,#277090
83,39,113,143,#27718F
84,40,113,143,#28718F
85,40,114,143,#28728F
86,41,115,143,#29738F
87,42,115,142,#2A738E
88,42,116,142,#2A748E
89,43,117,142,#2B758E
90,43,117,141,#2B758D
91,44,118,141,#2C768D
92,44,118,141,#2C768D
93,45,119,140,#2D778C
94,45,120,140,#2D788C
95,46,120,140,#2E788C
96,47,121,139,#2F798B
97,47,121,139,#2F798B
98,48,122,139,#307A8B
99,48,122,138,#307A8A
100,49,123,138,#317B8A
101,49,124,138,#317C8A
102,50,124,137,#327C89
103,50,125,137,#327D89
104,51,125,137,#337D89
105,52,126,136,#347E88
106,52,126,136,#347E88
107,53,127,136,#357F88
108,53,127,135,#357F87
109,54,128,135,#368087
110,54,128,134,#368086
111,55,129,134,#378186
112,55,129,134,#378186
113,56,130,133,#388285
114,57,131,133,#398385
115,57,131,133,#398385
116,58,132,132,#3A8484
117,58,132,132,#3A8484
118,59,133,132,#3B8584
119,60,133,131,#3C8583
120,60,134,131,#3C8683
121,61,134,130,#3D8682
122,61,135,130,#3D8782
123,62,136,130,#3E8882
124,63,136,129,#3F8881
125,63,137,129,#3F8981
126,64,137,129,#408981
127,64,138,128,#408A80
128,65,138,128,#418A80
129,66,139,127,#428B7F
130,66,140,127,#428C7F
131,67,140,127,#438C7F
132,68,141,126,#448D7E
133,68,141,126,#448D7E
134,69,142,125,#458E7D
135,70,143,125,#468F7D
136,71,143,125,#478F7D
137,71,144,124,#47907C
138,72,145,124,#48917C
139,73,145,123,#49917B
140,73,146,123,#49927B
141,74,147,122,#4A937A
142,75,147,122,#4B937A
143,76,148,122,#4C947A
144,76,149,121,#4C9579
145,77,149,121,#4D9579
146,78,150,120,#4E9678
147,79,151,120,#4F9778
148,80,152,119,#509877
149,80,152,119,#509877
150,81,153,118,#519976
151,82,154,118,#529A76
152,83,155,117,#539B75
153,84,155,117,#549B75
154,85,156,116,#559C74
155,86,157,116,#569D74
156,87,158,115,#579E73
157,87,159,115,#579F73
158,88,160,114,#58A072
159,89,160,114,#59A072
160,90,161,113,#5AA171
161,91,162,113,#5BA271
162,92,163,112,#5CA370
163,93,164,112,#5DA470
164,94,165,111,#5EA56F
165,95,166,111,#5FA66F
166,96,167,110,#60A76E
167,98,168,110,#62A86E
168,99,169,109,#63A96D
169,100,170,109,#64AA6D
170,101,171,108,#65AB6C
171,102,172,108,#66AC6C
172,103,173,107,#67AD6B
173,105,174,107,#69AE6B
174,106,175,106,#6AAF6A
175,107,176,106,#6BB06A
176,109,177,105,#6DB169
177,110,178,105,#6EB269
178,112,179,105,#70B369
179,113,180,105,#71B469
180,115,181,104,#73B568
181,116,182,104,#74B668
182,118,183,104,#76B768
183,120,185,104,#78B968
184,121,186,104,#79BA68
185,123,187,104,#7BBB68
186,125,188,104,#7DBC68
187,127,189,104,#7FBD68
188,129,191,104,#81BF68
189,131,192,104,#83C068
190,133,193,105,#85C169
191,135,194,105,#87C269
192,137,195,106,#89C36A
193,140,197,106,#8CC56A
194,142,198,107,#8EC66B
195,144,199,108,#90C76C
196,147,200,109,#93C86D
197,149,202,110,#95CA6E
198,152,203,111,#98CB6F
199,154,204,112,#9ACC70
200,156,205,114,#9CCD72
201,159,206,115,#9FCE73
202,162,207,116,#A2CF74
203,164,209,118,#A4D176
204,167,210,120,#A7D278
205,169,211,121,#A9D379
206,172,212,123,#ACD47B
207,174,213,125,#AED57D
208,177,214,127,#B1D67F
209,179,215,129,#B3D781
210,181,216,131,#B5D883
211,184,217,133,#B8D985
212,186,218,135,#BADA87
213,188,219,137,#BCDB89
214,191,220,139,#BFDC8B
215,193,220,141,#C1DC8D
216,195,221,144,#C3DD90
217,197,222,146,#C5DE92
218,199,223,148,#C7DF94
219,201,224,150,#C9E096
220,203,224,152,#CBE098
221,205,225,155,#CDE19B
222,207,226,157,#CFE29D
223,209,227,159,#D1E39F
224,211,227,161,#D3E3A1
225,213,228,163,#D5E4A3
226,215,229,165,#D7E5A5
227,216,229,168,#D8E5A8
228,218,230,170,#DAE6AA
229,220,231,172,#DCE7AC
230,221,231,174,#DDE7AE
231,223,232,176,#DFE8B0
232,224,232,178,#E0E8B2
233,226,233,180,#E2E9B4
234,227,234,182,#E3EAB6
235,229,234,184,#E5EAB8
236,230,235,186,#E6EBBA
237,232,235,188,#E8EBBC
238,233,236,190,#E9ECBE
239,234,237,191,#EAEDBF
240,235,237,193,#EBEDC1
241,237,238,195,#EDEEC3
242,238,238,197,#EEEEC5
243,239,239,198,#EFEFC6
244,240,239,200,#F0EFC8
245,241,240,202,#F1F0CA
246,243,240,203,#F3F0CB
247,244,241,205,#F4F1CD
248,245,241,207,#F5F1CF
249,246,242,208,#F6F2D0
250,247,242,210,#F7F2D2
251,248,243,211,#F8F3D3
252,249,243,213,#F9F3D5
253,250,243,214,#FAF3D6
254,251,244,215,#FBF4D7
255,252,244,217,#FCF4D9
